illusion_type,soa_type,block,n_participants,mean_rate,sd_rate,sem_rate,ci_low,ci_high
Fission,SOA standard,1,9,0.38271604938271603,0.3384382756017975,0.11281275853393251,0.1616030426562083,0.6038290561092238
Fission,SOA standard,2,9,0.4074074074074074,0.37267799624996495,0.12422599874998831,0.1639244498574303,0.6508903649573845
Fission,SOA standard,3,9,0.35802469135802467,0.44367216854484964,0.14789072284828322,0.06815887457538955,0.6478905081406598
Fission,SOA standard,4,9,0.35802469135802467,0.3799682320126517,0.12665607733755055,0.10977877977642561,0.6062706029396238
Fission,SOA standard,5,9,0.37037037037037035,0.28327886186626583,0.09442628728875528,0.18529484728441,0.5554458934563307
Fission,SOA standard,6,9,0.32098765432098764,0.3115297007640875,0.10384323358802916,0.1174549164884505,0.5245203921535248
Fission,SOA standard,7,9,0.25925925925925924,0.29917582261858355,0.09972527420619452,0.06379772181511797,0.4547207967034005
Fission,SOA standard,8,9,0.37037037037037035,0.33793125168323446,0.11264375056107816,0.14958861927065717,0.5911521214700836
Fission,SOA court,1,9,0.5802469135802469,0.3880060525880919,0.1293353508626973,0.32674962588936024,0.8337442012711336
Fission,SOA court,2,9,0.4567901234567901,0.3906485761060923,0.1302161920353641,0.20156638706747643,0.7120138598461038
Fission,SOA court,3,9,0.4691358024691358,0.3369149147900047,0.11230497159666823,0.24901805813966604,0.6892535467986055
Fission,SOA court,4,9,0.48148148148148145,0.37267799624996495,0.12422599874998831,0.23799852393150436,0.7249644390314586
Fission,SOA court,5,9,0.49382716049382713,0.3647725111776335,0.12159083705921116,0.25550911985777325,0.732145201129881
Fission,SOA court,6,9,0.41975308641975306,0.3131765652831067,0.10439218842770225,0.21514439710145666,0.6243617757380495
Fission,SOA court,7,9,0.5061728395061729,0.3148148148148148,0.10493827160493828,0.30049382716049383,0.711851851851852
Fission,SOA court,8,9,0.48148148148148145,0.3042903097250923,0.10143010324169743,0.28267847912775446,0.6802844838352085
Fusion,SOA standard,1,9,0.24691358024691357,0.2651448345051176,0.08838161150170587,0.07368562170357007,0.42014153879025706
Fusion,SOA standard,2,9,0.14814814814814814,0.2290614236454256,0.07635380788180852,0,0.2978016115964929
Fusion,SOA standard,3,9,0.16049382716049382,0.17665540766980475,0.058885135889934916,0.04507896081622138,0.27590869350476627
Fusion,SOA standard,4,9,0.19753086419753085,0.32288140322523506,0.10762713440841169,0,0.40848004763801776
Fusion,SOA standard,5,9,0.1728395061728395,0.2670778722565918,0.08902595741886393,0,0.3473303827138128
Fusion,SOA standard,6,9,0.13580246913580246,0.2275593653230464,0.0758531217743488,0,0.2844745878135261
Fusion,SOA standard,7,9,0.12345679012345678,0.25119740678241737,0.08373246892747245,0,0.28757242922130277
Fusion,SOA standard,8,9,0.13580246913580246,0.30316121377305366,0.10105373792435123,0,0.33386779546753087
Fusion,SOA court,1,9,0.5432098765432098,0.30145964066851305,0.10048654688950436,0.34625624463978133,0.7401635084466384
Fusion,SOA court,2,9,0.49382716049382713,0.2945550688997568,0.0981850229665856,0.3013845154793193,0.6862698055083349
Fusion,SOA court,3,9,0.48148148148148145,0.35136418446315326,0.11712139482105109,0.25192354763222136,0.7110394153307416
Fusion,SOA court,4,9,0.5802469135802469,0.38400817320977265,0.12800272440325755,0.32936157374986214,0.8311322534106318
Fusion,SOA court,5,9,0.48148148148148145,0.32867109906108977,0.10955703302036325,0.26674969676156945,0.6962132662013935
Fusion,SOA court,6,9,0.49382716049382713,0.30987408390150945,0.10329136130050315,0.29137609234484096,0.6962782286428133
Fusion,SOA court,7,9,0.5555555555555556,0.29917582261858355,0.09972527420619452,0.3600940181114143,0.7510170929996969
Fusion,SOA court,8,9,0.5432098765432098,0.34446435625441246,0.11482145208480415,0.3181598304569937,0.768259922629426
