type_illusion,soa_type,block,n_participants,moyenne,ecart_type,sem,ic_bas,ic_haut
Fission,SOA standard,1,8,87.07787698412699,13.051758702127806,4.614493542342552,78.03346964113558,96.1222843271184
Fission,SOA standard,2,7,83.53968253968254,12.251174222957971,4.630508608924538,74.46388566619045,92.61547941317464
Fission,SOA standard,3,5,87.36507936507937,10.859846038681901,4.856670793534908,77.84600460975095,96.88415412040779
Fission,SOA standard,4,6,88.93287037037037,10.141781994637281,4.140365161567857,80.81775465369736,97.04798608704337
Fission,SOA standard,5,9,77.05291005291005,16.036158510912145,5.345386170304049,66.57595315911412,87.52986694670598
Fission,SOA standard,6,8,77.08333333333333,13.90900131067351,4.917574573154908,67.44488716994971,86.72177949671695
Fission,SOA standard,7,8,75.16666666666667,12.922233823303422,4.568699582268008,66.21201548542138,84.12131784791197
Fission,SOA standard,8,7,87.64682539682539,7.866935976468114,2.9734223105431012,81.8189176681609,93.47473312548988
Fission,SOA court,1,9,82.47111992945327,10.7429412285899,3.580980409529967,75.45239832677453,89.489841532132
Fission,SOA court,2,7,80.76502267573696,15.61015725928743,5.900084862097736,69.20085634602539,92.32918900544853
Fission,SOA court,3,9,78.49559082892416,16.684520912547676,5.5615069708492255,67.59503716605968,89.39614449178865
Fission,SOA court,4,8,81.16527777777777,12.21409172211016,4.3183335413692845,72.70134403669398,89.62921151886157
Fission,SOA court,5,7,83.02420634920635,12.503106271891323,4.725729973033768,73.76177560206017,92.28663709635254
Fission,SOA court,6,8,77.24791666666667,15.838809673238684,5.599864862935079,66.27218153531392,88.22365179801942
Fission,SOA court,7,9,78.875,10.05238017696417,3.3507933923213904,72.30744495105007,85.44255504894993
Fission,SOA court,8,9,84.25965608465609,10.837092794249136,3.612364264749712,77.17942212574665,91.33989004356552
Fusion,SOA standard,1,5,71.61,12.513412803867695,5.596168331992882,60.64151006929395,82.57848993070604
Fusion,SOA standard,2,4,75.58333333333333,11.793359713556324,5.896679856778162,64.02584081404814,87.14082585261852
Fusion,SOA standard,3,6,70.16666666666667,16.741913470886974,6.834857553583527,56.77034586164296,83.56298747169038
Fusion,SOA standard,4,5,64.88888888888889,12.786229089179798,5.71817548385825,53.68126494052672,76.09651283725105
Fusion,SOA standard,5,4,73.22619047619048,11.531112404620027,5.765556202310013,61.92570031966285,84.52668063271811
Fusion,SOA standard,6,4,60.666666666666664,7.0815357196125275,3.5407678598062637,53.72676166144639,67.60657167188694
Fusion,SOA standard,7,4,67.96428571428572,22.30749088669239,11.153745443346194,46.102944645327185,89.82562678324426
Fusion,SOA standard,8,2,72.6875,17.942834572608643,12.687499999999998,47.82000000000001,97.55499999999999
Fusion,SOA court,1,8,84.03541666666666,10.497487180424399,3.711422185348471,76.76102918338366,91.30980414994967
Fusion,SOA court,2,9,76.07993827160493,17.872638397143113,5.9575461323810375,64.40314785213809,87.75672869107177
Fusion,SOA court,3,9,83.14722222222223,13.88678240970328,4.628927469901093,74.07452438121608,92.21992006322837
Fusion,SOA court,4,9,83.9320987654321,13.148194607377489,4.382731535792496,75.3419449552788,92.5222525755854
Fusion,SOA court,5,9,85.3994708994709,11.704448830145122,3.901482943381707,77.75256433044275,93.04637746849905
Fusion,SOA court,6,8,83.4203869047619,12.865813771750068,4.5487520817438725,74.50483282454391,92.33594098497989
Fusion,SOA court,7,8,85.0345238095238,12.851058525095103,4.5435353142599695,76.12919459357427,93.93985302547334
Fusion,SOA court,8,8,72.75972222222222,12.885334331282374,4.555653641752797,63.83064108438674,81.6888033600577
